"","5580","25","4137","1956","5595","867","2264","4067","3932","3716","5747","2261","3265","815","3717","5594","6772","2534","2885","2932","1398","818","3055","5599","5604","5786","3643","6714","1020","6774","5777","6197","5788","5894","2904","7297","6464","4139","3480","5585","5770","5335","6300","5260"
"S1",-0.44,-0.24,-1.25,0.7,0.31,0.07,0.08,0.12,0.51,0.24,-0.03,-0.32,-0.03,0.66,-0.22,-0.23,1.51,0.53,-0.5,1.39,0.16,-0.52,-0.63,0.18,0.45,1.17,0.08,-0.39,-0.23,-0.08,0.02,-0.58,0.11,-0.72,-0.9,-1.13,-0.64,-0.55,-0.75,0.23,-0.09,-0.03,0.39,-0.38
"S2",0.83,-0.1,0.57,0.06,0.81,0.85,0.07,-1.04,-0.86,0.83,-0.39,-0.21,-0.28,-0.31,0.25,-0.25,0.83,-0.14,0.42,0.25,0.35,0.02,0.4,-0.15,0.17,0.39,-0.6,0.69,-1.02,-0.29,0.55,0.29,-1.23,-0.64,1.15,0.25,-0.58,-0.36,0.05,0.94,-0.55,0.98,-0.42,0.77
"S3",-1.04,0.45,-0.42,0.62,0.14,1.17,-0.47,0.07,0.19,-0.26,-0.02,-0.02,-0.36,-0.3,-0.18,0.18,-0.07,0.07,0.55,0.37,-0.65,0.17,0.06,-0.29,0.49,0.28,-0.24,0.37,0.63,-1.31,-1.4,0.1,0.43,-0.28,0.46,-0.45,-0.26,0.6,0.89,0.38,-0.57,-0.28,0.68,-0.3
"S4",1.13,-0.19,1.29,0.09,0.13,-0.18,0.39,-0.69,0.01,0.6,0.04,-0.47,-0.58,1.03,-0.21,0.25,0.69,0.58,-0.23,0.03,0.67,0.55,-0.22,-0.44,-0.01,0.4,0.11,-0.7,-0.9,1.86,0.33,0.31,0.05,0.27,-0.93,0.11,-0.55,0.69,0.36,0.6,-0.29,0.44,-1.05,-0.07
"S5",-1.16,-0.02,-0.47,-0.22,0.23,0.24,-0.44,-0.23,0.57,-0.71,0.62,-0.27,0.74,0.63,-0.73,0.14,-0.42,0.21,-0.11,0.04,0.44,-0.23,0.06,-0.23,-0.09,0.02,-0.09,-0.14,0.23,-0.29,0.47,-1.37,-0.08,0.96,-0.09,0.66,0.21,-0.15,-0.32,-0.54,0.2,1.2,1.02,-0.37
"S6",-0.72,0.65,-1.33,0.37,0.43,0.65,-0.31,0.68,-0.28,-0.5,0.18,0.18,-0.6,-0.17,0.55,-0.68,-1.06,-1.04,0.48,0.2,0.86,-0.35,-0.61,-0.17,-0.41,0.28,0.26,0.21,0.18,-1.91,-0.96,-0.44,0.03,0.78,1.4,0.93,2.02,-0.18,0.06,-0.95,-0.17,0,0.85,0.15
"S7",-0.04,0.01,0.71,-0.55,0.17,-0.07,-0.06,0.91,0.04,-0.51,-0.32,-0.48,0.45,-0.47,-0.01,0,-1.33,0.42,-0.47,0.33,-0.27,0.29,-0.02,0.03,-0.49,-0.1,-0.84,0.15,-0.68,0,-1.16,1.47,0.3,0.9,-0.22,1.72,-0.84,0.14,0.63,0.56,0,-1.18,1.31,0.2
"S8",-0.13,0.36,-0.21,0.26,-0.04,0.3,-0.77,0.06,-0.82,-0.41,-0.8,-0.36,-0.36,0.21,0.05,0.06,0.62,-0.21,1.02,0.02,-0.34,-1.44,-0.7,0.62,0.61,-0.43,0.09,0.38,0.18,-0.46,-0.53,-0.18,-1.27,0.2,0.47,-0.41,0.97,-0.59,-0.13,-0.83,-0.54,0.29,-0.15,-0.2
"S9",0.53,-0.65,0.67,0.02,0.53,-0.4,0.74,0.5,0.32,0.84,0.05,0.03,0.41,0.69,0.6,-1.81,0.54,0,0.1,0.14,-0.31,0.25,0.06,-0.47,-0.51,-0.47,0.75,-0.14,0.34,-1.36,-0.36,0.59,0.61,0.35,-0.17,-0.62,0.5,0.75,-0.55,0.44,0.14,0.64,-1,0.31
"S10",-0.72,-0.14,-0.49,-0.42,0.16,0.39,-0.32,-0.16,-0.97,-0.92,0.48,0.17,0.16,-0.48,-0.23,-0.41,-1.55,-1.01,0.88,0.06,-0.76,0.22,0.23,-0.49,0.01,1.72,-0.47,-0.09,-0.06,-0.49,0.98,0.09,-0.52,1.05,0.4,1.73,0.54,0.18,0.6,0.16,0.46,0.12,0.46,-0.1
"S11",-1.14,-0.44,-1.19,-0.31,0.63,0.48,-0.07,-0.37,0.25,0.79,-0.91,0.48,-0.38,-0.3,-1.01,0.5,-0.34,0.47,-0.07,0.92,0.56,0.41,-0.58,-0.29,0.38,0.35,0.04,0.54,-0.16,-0.34,-0.1,-1.16,-0.04,-1.03,-0.06,1.32,0.24,-0.99,0.3,-1.12,-0.3,-0.53,0.47,0.11
"S12",-0.83,-0.06,-0.65,0.48,0.56,-0.08,-0.49,-0.16,0.49,-0.39,0.84,0.18,-0.78,0.81,-0.49,1.02,-0.99,0.2,0.97,1.01,0.19,0.59,-0.19,0.62,0.23,0.25,-0.41,-1.12,0.4,0.99,-0.45,-0.15,0.45,0.53,0.48,1.96,-0.2,-0.33,0.08,-0.25,-0.36,0.4,-0.13,-0.63
"S13",-0.04,0.65,-0.28,-0.72,0.58,-0.28,0.59,-0.79,-0.56,-0.13,-0.55,-0.2,-0.06,0.31,-0.7,-0.53,-0.84,0.26,-0.77,0.28,-0.48,0.36,0.12,-0.16,0.63,0.25,0.39,0.8,-0.07,0.05,1.47,-0.54,-1.01,-0.34,0.12,0.72,0.84,-1.67,0.48,0.02,1.29,0.49,0.1,0.38
"S14",0.1,-0.03,1.29,0.32,0.61,-0.38,-0.37,-0.72,0.24,-0.16,0.43,0.2,-0.88,-0.2,0.23,0.2,0.17,0.3,0.11,-1.64,0.32,-0.49,0.65,-0.53,-0.79,0.05,0.19,0.77,-0.04,-1.07,0.17,1.18,0.98,-0.58,0.11,0.36,-0.7,0.11,0.19,1.29,0.21,0.66,-1.47,0.12
"S15",1.25,0.49,0.69,-0.23,-0.45,-0.26,-0.16,0.47,0.8,0.11,0.77,0.43,0.27,0.37,-0.48,0.54,-0.38,0.38,-0.46,-0.62,0.27,0.46,0.71,-0.51,0.4,0.73,-0.81,-0.2,-0.34,1.72,-0.53,1.04,0.21,-0.75,0.47,0.13,-1.69,0.09,-0.05,1.09,-0.24,-0.78,-0.62,-0.17
"S16",-1.3,-0.3,-0.13,0.08,-0.12,-0.33,1.29,-0.09,0.12,-0.06,0.17,-0.75,0.62,-0.29,0.1,0.4,1.27,0.53,0.87,0.39,-0.21,-0.03,0.01,-0.8,0.53,-1.12,0.33,-0.36,0.29,-1.56,0.11,-0.46,0.12,0.33,0.25,-0.78,-2.15,0.85,-0.39,-0.63,0.13,-0.36,-0.11,0.18
"S17",-1.14,-0.66,0.07,0.06,0.38,-0.09,0.17,-0.49,-0.35,0.19,-0.27,0.72,0.05,-0.05,-1.24,0.21,0.34,0.61,-0.76,0.28,-0.98,0.02,0.11,-0.71,-0.65,0.09,-0.41,0.33,0.28,-1.29,0.21,-0.51,-0.27,0.23,-0.2,-0.27,-0.51,-0.14,-0.12,0.21,-0.2,0.15,-0.04,-0.26
"S18",-0.87,-0.24,-0.14,0.54,-0.05,-0.54,-0.39,-1.74,-0.27,0.36,-0.15,-0.38,0.41,0.78,0.39,-0.74,0.04,0.7,-0.31,-0.4,0.09,0.04,0.9,-0.25,-0.96,-1.25,0.76,-0.22,0.79,-0.7,1.92,0.15,0.88,-0.16,-0.72,0.74,-0.37,-0.7,-0.29,0.39,-0.21,0.34,-0.27,0.1
"S19",-0.03,0.09,-0.52,1.01,0.13,0.67,-0.21,-0.96,-0.07,-0.56,0.61,-0.4,0.17,-0.48,0.64,-0.35,0.58,1.1,1.14,0.27,-0.05,-0.71,0.56,-0.13,-1.23,-0.3,-1.32,-0.63,0.8,-0.5,0.58,-0.71,-0.79,0.32,0.29,-0.84,-1.03,-0.61,-0.48,0.37,-0.43,0.93,-0.59,-0.21
"S20",-0.19,-0.32,-0.81,-1.41,-0.37,-0.81,-0.24,0.32,-0.76,-0.04,0.27,0.46,-1.08,-1.1,-0.14,0.12,-2.02,0.05,-0.86,0.2,-0.07,0,0.02,-0.17,0.42,0.89,-0.27,-1.14,-0.58,0.55,-0.27,-1.43,-0.52,-0.66,0.59,2.36,-0.78,-1.37,-0.48,-0.76,-0.07,-0.29,0.62,0.16
"S21",-1.24,0.47,0.41,-0.4,0.28,-0.74,0.17,0.06,0.26,0.2,0,0.17,0.14,0.25,-0.37,-0.76,-0.61,0.17,-0.93,-0.36,1.24,0.41,-0.12,0.5,0.47,0.27,0.72,0.38,-0.59,-2.31,-0.2,0.53,0.88,0.07,0.7,0.65,1.18,1.55,-0.82,0.53,-0.94,-0.6,-0.58,0.53
"S22",0.4,-0.08,0.9,-0.61,-0.56,-0.11,1.01,0.08,0.31,-0.25,-0.42,-0.35,0.46,0.32,0.58,0.18,-0.75,0.38,-0.9,-0.6,-0.55,0.81,-0.23,-0.05,0.13,0.43,-0.19,0.86,0.32,-0.93,0.14,0.74,-0.04,-0.16,0.04,0.44,-1.2,0.38,0.76,1.28,0.3,-0.24,-1.15,-0.55
"S23",-0.06,-0.08,-0.24,0.04,-0.23,0.26,-1.03,0.25,-0.98,0.37,0.12,0.29,-0.66,-0.05,0.53,-0.14,-0.89,0.16,-0.57,1.09,0.04,0.26,-0.14,-0.94,0.69,0.4,0.06,-0.67,-0.07,0.31,1.19,-0.44,-1.05,-0.06,-0.2,0.78,-0.58,-0.25,-0.66,0.24,-0.3,-0.51,-0.42,-1.08
"S24",-0.3,0.01,0.16,0.17,0.33,-0.3,0.78,0.14,0.25,0.37,0.61,-0.64,0.31,1.03,-0.46,-0.17,1.2,0.97,0.27,-0.19,-0.22,0.45,1.14,-0.68,-0.64,0.84,0.05,-0.66,0.55,0.18,-0.31,0.81,0.41,0.25,-0.85,-0.81,-0.11,0.14,0.31,-0.22,-0.65,-0.2,-0.22,0.27
"S25",-0.51,0.25,-0.71,0.44,0.33,0.06,-0.47,-0.15,0.65,-0.04,-0.51,0.04,0.99,-0.44,-0.36,0.34,-0.44,-0.15,0.3,0.46,0.51,-0.21,-0.15,0.22,-0.85,0.4,-0.01,-0.1,0.45,0.9,-0.22,0.08,0.78,-0.1,0.17,0.2,0.21,-0.61,-0.22,-0.46,-1.24,-0.27,0.06,-0.3
"S26",-1.11,-0.12,-0.74,-0.01,-0.06,-0.61,-0.45,-0.63,-0.66,-0.47,0.8,0.44,-0.48,-0.1,-0.81,1.15,-1.43,1.55,-0.88,-0.28,-0.34,0.17,0.14,-0.34,0.47,-0.36,-0.3,-0.39,0.42,0,0.02,-0.8,-0.52,0.65,-0.95,1.57,-1.43,-0.09,-0.26,-0.27,-0.16,0.21,0.36,-0.51
"S27",0.49,-0.04,0.24,0.31,0.28,0.3,0,-0.56,0.28,0.16,-0.1,0.06,-0.2,-0.52,0.11,1.5,0.63,-0.4,0.11,0.09,-0.35,-0.06,0.21,-0.37,1.14,-0.47,-0.49,0.93,-0.52,0.28,0.05,-0.11,1.9,-0.05,-0.11,-1.1,0.79,0.28,0.3,0.71,0.04,-0.75,0.19,-0.15
"S28",0.45,0.18,1.11,-0.16,0.27,-0.01,-0.45,-0.55,0.84,-0.14,-0.12,0.22,-0.14,0.49,-0.41,0.07,-0.5,0.32,0.05,-0.27,0.56,-0.52,0.05,0.38,-0.03,0.41,-0.5,0.85,-0.15,0.18,0,0.7,0.69,-0.32,-0.17,0.07,-0.5,1.39,0.05,0.12,0.01,-0.15,-0.67,0.08
"S29",0.25,-0.53,0.9,0.5,-0.43,0.17,-0.03,-0.37,0.11,-0.23,0.57,0.92,0.35,0.68,0.43,0.37,-1.82,-0.11,-0.08,-0.38,0.68,-0.25,-0.34,0.65,-0.63,-0.39,0.15,-0.15,0.69,-0.46,1.19,-0.47,-0.6,0.54,0.27,1.13,-0.2,0.8,-0.1,0.19,-1.24,0.66,-0.92,-0.13
"S30",0.47,-0.09,-0.19,-0.17,-0.43,-0.69,-0.55,0.43,0.07,0.18,-0.09,0.29,0.13,-0.29,0.4,0.29,-1.23,-0.95,-1.23,-0.2,-0.01,1,-0.92,0.4,-0.02,-0.64,-0.2,0.24,-0.35,0.86,-1.03,0.01,-0.31,-0.19,0.46,0.84,1.3,0.08,0.37,0.26,0.18,0.16,-0.43,-0.17
"S31",-0.5,-0.53,-0.97,0.14,-0.1,-0.05,0.18,-0.43,-0.19,-0.39,0.11,0.47,-0.88,-1.01,0.35,-0.08,-0.12,-0.36,0.14,-0.08,-1.01,-1.13,0.03,-0.77,0.37,0.33,-0.12,-0.46,0.16,-0.71,1.13,-1.14,-0.62,-1.33,0.17,-0.74,0.71,-0.05,0.36,-1.14,-0.4,0.15,-0.09,0.07
"S32",-0.79,-0.07,0.28,0.96,0.69,1.02,0.02,-0.07,0.34,0.12,-0.2,0.25,-0.43,-0.28,0.26,-0.13,0.91,-0.04,0.18,0.31,-0.11,-0.67,-0.03,-0.21,0.67,0.2,0.39,0.23,-0.73,-2.14,-0.81,0.5,-0.18,-0.16,0.1,-0.66,0.59,-0.13,-0.04,0.21,-0.31,-0.33,-0.95,-0.24
"S33",0.27,-0.16,0.11,-0.59,-0.41,-0.46,-0.7,0.57,-0.26,-0.69,-0.44,1.2,1.24,-0.05,-0.25,-0.03,-1.71,0.28,-0.33,-0.37,-0.17,-0.3,0.54,-0.17,-0.21,-0.52,-0.79,-0.67,-0.24,1.25,0.27,-1.23,-0.59,0.23,0.53,1.69,-0.22,0.26,-0.57,-0.2,0.73,-0.48,0.02,-0.5
"S34",0.41,0.11,0.03,0.85,0.35,0.46,1.26,-0.3,-0.72,-0.65,-0.03,-0.72,-0.75,0.17,0.72,-0.2,0.16,-0.37,0.84,-0.82,-0.27,0.23,0.2,-0.77,-0.42,-0.23,-0.55,1.09,0.89,-2.57,0.49,0.7,0.16,-0.22,-0.15,-0.44,-0.7,0.75,1.03,-0.75,-0.77,1.24,0.45,-0.11
"S35",0.26,-0.24,0.54,-0.08,-0.24,-0.25,-0.64,0.31,0.19,0.23,0.21,0.44,0.14,-0.73,0,0.59,-0.78,-0.01,0.55,-0.19,0.81,0.61,-0.85,0.37,0.11,0.39,0.37,0.15,-0.59,1.84,-0.61,1.18,0.65,-1.16,-0.39,1.42,0.36,-0.36,0.19,0.2,-0.83,-0.57,-0.08,0.47
"S36",1.8,-0.29,1.48,-0.5,0.51,-0.13,-0.28,-0.06,0.04,0.39,0.38,0.42,-1,0.31,-1.02,-0.78,0.99,0.39,-0.23,-1.25,-0.36,-0.47,0.71,-0.37,-0.15,0.51,0.05,-0.04,0.35,1.97,-0.72,1.07,0.39,-0.88,0.75,-0.88,-0.34,1.17,-0.62,0.52,-0.04,-0.18,-1.2,0.06
"S37",0.03,-0.54,-0.56,0.63,0.39,-0.09,0.19,0.49,0.29,-0.66,0.01,-0.04,-0.89,0.02,0.61,-0.21,-0.66,-0.04,-0.17,0.07,0.39,-0.09,-0.09,0.11,0.12,-0.33,1.12,-0.65,0.09,-0.17,-0.33,-0.26,0.08,-0.03,0.23,-0.5,1.21,0.04,-0.36,-0.43,-1.51,0.52,0.22,-0.14
"S38",-0.38,0.07,0.64,-0.22,0.23,0.01,0.87,0.17,0.22,-0.07,-0.27,0.39,0.44,0.38,0.1,0.68,-0.88,-0.86,-0.27,-0.66,-1.02,-0.33,-0.56,-0.18,-0.29,-0.03,-0.16,-0.16,0,-0.32,0.12,0.44,-0.36,0.12,-0.5,0.41,0.21,0.69,0.06,0.6,0.36,0.16,0.28,0.47
"S39",-0.74,0.48,-0.24,-0.72,0.32,-0.66,0.55,0.03,-0.14,-0.66,-0.18,-0.31,0.26,0.25,0.18,-0.32,-0.77,0.5,-0.84,0.26,-0.68,-0.9,-0.69,0.11,-0.2,0.26,0.92,0.34,0.31,-2.14,0.46,-0.35,0.7,-0.24,0,0.98,0.71,-0.47,0.13,-1.44,-0.69,-0.92,-0.57,-0.74
"S40",0.71,-0.31,1,0.41,0.79,0.25,0.55,-0.07,0.9,-0.23,0.98,-1.09,-1.03,-0.04,1.16,-0.06,0.77,0.55,-0.08,-0.39,0.49,0.39,0.59,-0.2,-0.25,0.55,0.36,-0.54,0.13,-0.89,-0.44,1.34,1,-0.49,0.73,-0.55,-0.3,0.36,1.16,1.52,0.04,-0.28,-0.44,0.19
"S41",0.43,0.58,0.79,-0.69,0.03,-0.42,-0.35,-0.09,-0.28,0.27,0.05,0.31,-0.27,1,0.26,0.11,-1.52,0.74,-0.62,0.37,0.44,-0.41,-0.15,-0.6,-0.24,-0.4,-0.89,0.07,0.4,0.93,0.29,-0.09,-0.25,-0.71,-1.03,1.99,-1.4,0.28,-0.3,0.56,1.16,-1.28,-0.79,1.5
"S42",-0.13,0.59,0.51,0.28,-0.95,0.42,-0.16,-0.38,0.42,0.02,0.35,-0.46,-0.2,0.24,0.75,-0.15,0.74,-1.03,0.62,0.46,-0.04,0.09,-0.57,0.38,-1.27,0.27,-0.12,-0.14,-0.5,-0.64,-0.41,-0.16,0.33,-0.11,0.71,-0.46,1.41,0.2,0.8,0.17,-0.85,1.35,-0.06,-0.14
"S43",1.19,-0.16,0.12,-0.04,0.56,0.36,-0.86,0.53,0.03,0.11,-0.37,-0.32,-0.35,-0.13,-0.17,-0.29,0.09,-0.4,1.21,0.16,0.1,-0.79,-0.42,-0.56,0.03,0.58,-0.45,0.42,0.28,0.7,-1.24,0.24,-0.3,-0.47,0.23,0.26,0.61,0,0.1,0.21,-0.12,-0.44,0.36,-0.21
"S44",0.27,-0.75,0.19,0.3,0.51,0.04,0.07,-0.5,-0.11,0.41,0.03,0.34,0.75,1.22,-0.06,-0.93,0.44,-0.64,-0.01,-0.32,0.62,-0.75,0.26,0.73,-0.48,0.07,0.48,0.24,0.54,-0.39,1.13,1.29,-0.63,0.06,-0.75,-0.3,1.34,-0.38,-0.18,0.2,-0.48,0.15,-0.15,-0.48
"S45",0.34,0.49,0.88,0.95,-0.02,0.17,-0.08,-0.16,-0.19,0.07,-0.31,-0.28,0.47,0.97,0.35,-1.01,0.77,0.87,0.61,-0.17,0.23,-0.09,-0.31,-0.34,-0.39,-0.68,0.5,-0.18,-0.64,0.06,-0.17,0.14,-0.01,0.36,-0.88,-0.76,-0.46,0.56,-0.53,0.61,-0.1,1.32,-0.73,0.04
"S46",-1.06,-0.15,-1.63,1.3,-0.06,0.71,0.42,0.6,-0.6,0.34,0.18,0.24,0.04,-0.45,-1.05,-0.06,0.98,0.07,1.01,0.78,0.38,0.82,0.01,0.17,0.32,0.1,0.11,-0.16,0.19,0.71,0.24,-1.95,-0.4,0.33,0.14,-0.78,0.36,-0.57,-0.51,-0.26,-0.47,1.18,0.45,0.15
"S47",0,0.38,0.92,0.48,-0.59,0.74,0.25,0.25,0.17,-0.27,0.58,-0.25,0.28,0.47,0.66,-0.1,-0.18,-0.24,0.25,-0.02,0.63,0.37,-0.62,-0.51,-0.01,0.13,1.4,-0.26,-0.38,0.59,0.45,0.23,0.72,0.2,-0.74,-0.06,1.43,-0.41,-0.17,-0.07,0.36,0.99,0.31,0.33
"S48",0.04,-0.66,-0.36,-0.41,0.23,0.1,-0.33,0.11,0.1,0.43,0.2,-0.9,0.32,0.66,0.87,0.8,0.13,0.02,-0.36,0.38,-0.22,0.1,0.31,0.03,0.8,0.03,-0.26,-0.45,-0.26,0.52,0.68,-0.42,-0.21,0.65,-1,0.06,-0.45,0.79,0.28,-0.62,0.63,-0.28,0.36,0.11
"S49",0.73,0.79,-0.37,-0.18,-0.11,-1.3,0.49,-0.22,0.2,-0.61,-0.1,0.18,1.64,-0.41,-0.17,-0.26,0.85,1.31,-1.35,-0.66,-0.39,-0.43,-0.81,0.05,0.51,0.53,0.4,0.3,0.32,0.16,-0.6,0.03,0.01,0.79,0.32,-0.84,-0.33,-0.36,-0.04,-0.01,-0.06,0.53,-0.98,-1.09
"S50",0.03,0.18,-0.32,0.25,0.75,0.21,0.04,-1.24,0.29,0.28,0.61,-0.41,0.16,-0.71,-0.81,0.64,1.22,0.36,0.59,-0.86,0.5,-0.04,0.32,0.02,-0.25,-0.67,-0.76,-0.13,-0.04,-0.37,1.28,-0.08,0.28,-0.22,0.72,-1.61,-0.5,-0.9,0.1,-0.4,-0.17,0.49,0.61,0.68
"S51",0.33,-0.35,0.79,0.72,0.57,0.83,0.68,0.2,-1.02,0.55,0.23,0.88,0.16,-0.41,-0.12,0.22,0.73,-0.12,0.61,-0.27,-0.17,0.14,-0.07,0.55,-0.47,0.16,-0.62,0,-0.46,-0.28,0.77,0.22,-0.27,0.12,0.55,-0.81,0.54,1.17,0.15,0.8,-0.66,0.37,-0.32,1.2
"S52",-0.04,0.33,0.39,-0.14,-0.77,0.05,0.45,0.39,-0.45,-0.05,0.1,0,-0.06,1.08,-0.6,0.53,-0.38,0.35,-0.68,-0.03,-0.35,0.17,0.3,0.48,0.32,-0.06,-0.35,-0.5,0.25,0.28,0.24,-0.05,-0.45,0.54,-0.16,0.28,-0.1,-0.12,0.57,-0.17,0.66,-1.07,-0.17,0.01
"S53",-0.01,-0.38,-0.25,-0.7,1.14,0.33,-0.43,-0.44,0.81,0.06,-0.53,-0.26,-0.15,-0.22,1.04,0.68,-0.61,-0.24,-0.13,0.28,0.05,0.51,0.51,-0.49,0.5,-0.35,-0.58,0.27,-0.86,-1.48,-0.07,-0.31,0.08,-0.28,0.13,0.84,0.01,-0.28,0.36,-0.63,-0.05,-0.12,-0.56,-0.23
"S54",0.88,0.46,0.81,0.32,0.12,0.18,-1.1,-0.07,-0.57,-0.39,0.77,-0.38,0.06,-0.17,-0.54,-0.28,-0.36,-0.16,0.42,-0.31,0.31,-0.01,-0.15,0.1,0.28,0.46,-0.83,-1.98,-0.4,2.11,-0.21,0.58,-0.92,0.44,0.14,0.56,-1.36,0.82,-0.26,0.37,-1.38,0.54,-1.69,0.1
"S55",-1,-0.36,-0.54,-0.29,0.6,-0.18,-0.73,-0.31,0.28,0.59,0.37,-0.36,-0.46,-0.37,-0.2,-0.66,0.2,0.6,-0.23,-0.21,-0.77,-0.04,-0.47,-0.93,-0.97,0.03,0.83,0.35,0.18,-1.61,0.24,-1.19,0.54,0.19,0.51,-0.12,-0.22,-0.14,0.78,-0.36,0.76,0.15,0.67,0.24
"S56",-0.2,-0.12,-0.67,-0.14,0.28,-0.13,-0.29,0.23,0.31,-0.56,0.68,0.17,0.46,0.71,-0.51,0.16,-0.37,0.98,0.76,0.21,0.06,0.33,-0.2,0.47,0.25,0,0.52,0.21,0.48,-0.38,-1.3,-1.32,-0.91,-0.28,-0.23,0.53,-0.49,-0.01,-0.82,-1.24,0.51,0.18,0.34,-0.17
"S57",1.17,0.06,2.28,-1.21,-1.79,-0.97,0.06,-0.74,-1.02,-0.5,1.06,1,0.06,1.44,-0.18,0.33,-1.76,0.02,-1.49,-0.16,-0.07,-0.33,-0.08,-0.52,0.09,-0.17,0.28,0.31,0,1.75,0.21,1.73,-0.57,0.99,-0.87,1.82,0.83,1.24,0.55,1.4,0.98,-0.81,-1.7,0.43
"S58",-0.75,-0.13,-0.31,0.99,-0.15,0.17,-1.3,-0.1,0.2,-0.3,-0.18,0.07,0.33,-0.32,-0.37,0.18,-0.38,-0.15,1.39,0.21,-0.53,0.26,0.63,-0.1,0.31,-0.57,0.77,0.14,0.36,-0.09,0.38,-0.4,0.34,-0.86,0.02,0.09,-0.23,0,-0.57,-0.36,-0.55,0.92,-0.17,0.6
"S59",0.43,-0.26,0.52,-0.29,0.17,-0.6,-1.11,-0.15,0.26,-1.02,-0.43,-0.07,-0.15,0.65,0.77,0.44,-2.62,0.62,0.02,-0.2,-0.71,0.17,0.99,-0.88,0.05,0.16,0.28,0.6,0.27,-1.03,0.44,0.62,0.85,0.12,0.33,2.51,-0.62,0.73,0.44,0.29,-0.55,-1.06,-0.73,-0.53
"S60",0.48,0.31,0.15,-0.97,-0.26,-0.18,-0.06,0.26,-0.21,-0.96,0.07,-0.69,-0.75,-0.23,-0.16,1.04,-0.52,0.59,-0.77,0.42,-0.5,-0.23,0.04,1.45,1.96,-0.49,0.89,0.47,0.36,0.56,-0.47,-0.58,-0.01,-1.38,0.37,-0.02,-0.59,0.17,-0.5,0.24,0.32,-0.31,-0.82,-0.74
"S61",0.12,0.55,0.13,0.07,0.28,0.2,0.02,0.22,-0.07,0.04,-0.28,0.28,-0.74,0.16,0.91,-0.07,-0.23,0.08,-0.27,-0.43,-0.53,0.54,0.53,0.54,-0.45,0.06,0.16,0.18,0.31,-0.92,-0.68,0.18,0.27,-0.35,0.19,0.54,0.39,0.14,0.19,0.66,-0.17,-0.35,0.3,-0.15
"S62",0.4,-0.68,0.3,0.18,0.26,0,0.33,0.45,0.2,-0.13,0.21,0.76,0.42,0.21,-0.49,0.55,-0.13,0.17,0.44,-0.23,0.27,0.47,-0.08,0.64,0.03,-0.06,-0.29,-1,1.21,1.22,0.04,1.58,0.82,-0.05,-0.65,0.32,-0.25,0.19,-0.16,-0.36,-0.27,-0.34,0.56,0.06
"S63",-0.05,0.19,-0.13,-0.59,0.33,-0.8,-0.93,0.83,0.24,-0.5,-0.14,0.8,-0.11,-0.44,-0.66,0.46,-2.71,0.51,-1.28,1.21,0.22,0.36,0.47,0.34,-0.54,0.87,-0.1,-0.2,-0.06,0.03,-0.03,0.12,0.56,0.36,-0.79,1.88,0.38,-0.55,0.64,0.63,0.47,-0.81,-0.48,0.43
"S64",-0.17,0.1,0.1,0.44,-0.19,0.52,-0.19,0.31,0.02,0.22,0.58,0.64,0.06,0.63,-0.72,-0.3,-0.73,0.47,-0.04,0.01,-0.04,0.61,0.11,-0.35,0.18,-0.79,0,-0.42,0.01,0.16,-0.53,0.03,0.08,-0.37,0.21,0.95,-1.27,-0.79,0.69,-0.51,0.57,-0.92,0.06,-0.26
"S65",0.52,0.73,1.25,-0.4,-0.26,0.09,0.46,0.83,0.4,0.69,-0.15,1.31,0.71,-0.43,0.46,0.81,-0.32,0.26,0.57,-0.81,0.31,0.3,-0.3,0.38,0.94,-0.44,-0.01,0.61,0.42,1.23,-0.87,0.39,0.5,0.09,1.11,0.16,-0.75,0.94,0.57,0.39,0.09,-0.72,-0.2,0.59
"S66",0.68,-0.25,1.12,-0.18,0.16,-0.31,0,0.56,-1.01,-0.33,-0.41,0.35,0.56,0.64,-0.18,0.49,-1.54,1.01,-0.39,-1.2,-0.13,0.33,-0.28,-0.1,1.14,0.21,-0.56,0.35,0.51,0.22,0.16,0.06,-0.49,0.39,-0.25,1.34,-1.6,0.58,0.04,0.5,-0.59,-0.31,-0.99,0.18
"S67",0.02,-0.29,-0.16,0.91,-0.14,-0.29,0.33,0.22,0.68,0.63,0.35,-0.07,-0.37,-0.1,0.61,-0.04,2.06,-0.77,0.84,0.01,-0.65,-0.7,0.54,0.31,-0.24,-0.06,0.23,-1.08,0.26,0.91,-0.3,0.54,0.5,0.17,0.4,-1.49,0.97,0.61,0.57,-0.34,-1.01,0.7,0.29,0.23
"S68",-0.18,0.33,0.72,-1.01,-0.34,-0.39,-0.14,0.02,-0.44,-0.56,0.24,0.17,-0.73,0.36,0.73,0.87,-1.63,-0.02,-0.03,-0.92,-0.01,-0.27,-0.05,-0.34,1.05,0.54,-0.92,-0.04,-0.18,-0.7,-0.41,0.83,0.48,-1.16,0.07,2.56,-1.19,0.17,-0.12,0.61,1.04,-0.04,0.21,-0.22
"S69",-0.61,0.52,-0.81,-0.03,0.14,0.32,-0.18,-0.08,-0.01,-0.52,-0.1,0.74,0.23,0.32,-0.12,-0.37,-1.14,-0.56,0.24,0.2,0.36,0.18,0,0.19,-0.09,-0.37,-0.28,0.1,0.92,-0.4,-0.41,-0.34,1.16,-0.46,0.35,1.66,0.22,0.08,0.02,0.49,0.32,-0.21,0.74,-0.58
"S70",-0.43,-0.14,-0.17,-0.26,0.15,0.2,0.11,-0.54,-0.37,0.06,-0.25,-0.63,0.41,-0.28,-0.29,-0.17,0.51,-0.39,-0.74,-0.37,1.31,-0.13,0.34,0.4,-0.58,0.15,-0.95,-0.07,0.45,-0.61,0.33,0.25,0.38,0.75,0.53,-1.2,0,-0.24,0.38,0.45,1.2,-0.85,-0.27,0
"S71",-0.51,-0.7,-1.4,-0.69,-0.56,-0.56,-0.55,0.65,0,-0.2,0.27,0.06,1.03,0.45,0.33,0.36,-1.5,0.94,-0.73,0.71,-0.15,0.49,0.42,-0.17,-0.38,-0.69,0.15,0.77,0.21,0.12,0.18,-1.05,0.48,1.12,0.8,0.52,-1.32,-0.31,-0.12,-0.31,-0.06,0.42,0.82,0.21
"S72",0.16,-1.08,0.38,-0.32,-0.69,0.4,-1.04,1.23,0.86,0.07,-0.75,0.12,-0.08,1.04,0.26,0.18,-1.19,-0.33,0.54,0.73,-1.34,0.46,-0.41,0.4,-0.11,0.26,0.36,-0.27,0.07,1.47,-1.84,0.62,0.73,0.45,-0.25,0.8,0.68,-0.5,0.94,0.29,0.58,-0.81,-0.09,0.61
"S73",0.54,0.27,0.95,0.02,0.34,-0.91,0.04,-1.05,-0.17,0.71,0.71,0.88,0.18,0.32,-0.35,0.47,-0.05,0.63,0.16,-0.29,-0.39,-1.08,-0.12,0.49,0.53,0.16,-0.68,-0.52,-0.49,0.9,-0.4,-0.02,-0.22,0.48,1.42,0.12,-1.36,0.75,-0.34,0.67,-0.32,0.11,-0.15,-0.52
"S74",0.42,0.55,0.59,0.12,-0.07,0.13,-0.39,-0.57,0.05,-0.24,0.18,-0.11,0.35,0.16,-0.36,-0.39,0.59,-0.31,0.12,0.19,0.17,0.52,-1.02,0.66,-0.49,0.07,-0.33,-0.61,-0.06,0.51,0.32,1.47,0.15,0.29,-0.41,-0.97,0.14,0.29,0.06,-0.18,0.26,0.44,-0.85,0.08
"S75",0.03,0.37,0.71,0.48,-0.62,0.99,0.37,0.55,0.6,0.19,-1.1,-0.17,0.33,0.01,-0.52,-0.34,1.36,0.35,1,-1.08,-0.23,-0.87,-0.21,0.29,-0.28,-0.15,1.06,1.59,-0.09,-1.33,-1.05,1.19,-0.65,-0.28,0.36,-1.23,0.72,0.26,1.03,0.08,0,0.35,0.4,-0.29
"S76",-1.05,0.59,-0.6,0.39,-0.53,-0.19,-0.05,1.08,0.11,0.32,-0.96,-0.4,-0.32,-0.27,0.26,-0.15,0.79,-0.3,-0.43,0.11,-0.64,-0.17,-0.09,0.53,-0.48,0.09,-0.24,1.46,-0.21,-1.48,-1.35,0.09,0.49,-0.45,0.01,-1.03,0.57,0.31,0.49,-1.32,-1.31,-0.64,1.03,-0.15
"S77",-0.72,0.34,-0.46,-1.11,-0.46,-0.95,0.02,0.15,0.01,-0.1,0.76,-0.08,-0.06,-0.82,0.25,-0.27,-0.88,-0.38,-1.13,0.04,0.74,0.52,-0.01,-0.91,0.05,0.3,0.18,-0.04,-1.01,0.28,0.7,-0.57,0.41,-0.45,0.67,0.89,0.52,0.1,-0.54,-0.07,1.27,-1.31,0.44,-0.71
"S78",0.19,0.32,-0.38,0.83,-0.73,1.22,0.28,0.5,0.57,-0.18,0.43,-0.29,-0.65,-0.66,0.46,0.78,0.98,-0.61,1.45,0.48,0.38,-0.65,0.2,-0.25,-0.05,-0.51,-0.74,-1.14,-0.53,1.47,-1.11,-1.01,0.57,0.24,1.11,-0.53,-0.26,0.24,-0.23,-0.69,-0.84,0.37,0.34,0.54
"S79",0.91,0.43,0.72,0.02,-0.01,0.62,0.01,0.05,-0.28,0.08,0.18,-0.32,1.44,0.15,0.33,-0.64,-0.65,-0.73,0.62,-0.5,0.1,0.69,-0.31,0.05,0.19,-0.25,0.13,0.36,-0.35,-0.37,0.22,0.38,0.49,0.52,-0.41,0.75,0.9,0.02,0.2,0.22,0.51,0.01,-1.04,0.2
"S80",0.39,-0.06,-0.68,0.5,0.87,0.52,0.22,-1.07,-0.16,0.28,0.76,0.07,0.55,0,-0.57,-0.14,0.53,-0.23,-0.67,-0.22,0.24,0.19,1.05,-0.67,-0.12,-0.32,0.34,-1,-0.02,-0.69,0.31,-0.44,-0.22,1.35,-0.79,-0.3,0.8,-0.42,-0.34,0.75,0.11,1.13,1.04,0.26
"S81",-0.06,0.65,0.35,-0.95,-0.53,-0.56,0.3,-0.11,-0.3,0.64,0.17,-0.84,-0.11,0.5,0.58,-0.15,0.48,0.58,-1.27,0.13,1.27,-0.12,0.39,0.18,0.38,-0.28,0.46,-0.42,-0.41,0.58,-0.46,1,-0.35,0.08,0.16,-0.48,-0.6,-0.1,-0.27,-0.71,1.53,-0.2,-1.05,0.4
"S82",0.44,0.14,0.91,0.59,0.64,0.07,-0.05,0.04,-0.35,0.34,0.32,0.9,0.23,-0.27,0.34,-0.32,-1.52,-0.88,0.49,-0.31,-0.23,0.48,-0.7,-0.78,-0.46,0.16,-0.53,-1.16,-0.76,0.21,0.24,0.4,-0.01,0.51,-0.08,1.78,0.19,0.37,0.66,-0.07,-0.96,0.63,0.12,1.2
"S83",-0.4,-0.67,-0.15,0.12,0.11,0.31,0.36,0.03,0.01,-0.76,0.12,0.56,0.55,-0.51,-0.68,-0.4,-0.36,0.18,0.23,0.22,-0.12,0.69,-0.07,-0.51,-0.26,-0.54,-0.59,0.07,-0.18,-0.55,0.13,-0.15,-0.04,0.94,-0.04,0.89,-1.11,0.13,-0.05,0.13,-0.44,-0.16,-0.25,-0.24
"S84",-0.91,-0.61,-1.08,-0.42,0.18,0.78,-0.29,0,0.24,0.35,0.42,-0.87,0.16,-0.24,0.63,-0.38,0.26,-0.61,-0.05,0.03,0.51,0.25,-0.42,0.24,-0.56,0.11,0.13,-0.03,0.46,-1.39,0.33,-1.03,0.71,-0.14,0.53,0.16,0.57,-1.11,-1.17,-0.73,-0.1,0.17,0.51,0.3
"S85",0.2,-0.04,-0.39,-0.48,0.52,-1.14,0.77,0.31,0.3,0.43,-0.81,0,-0.08,-1.19,0.8,-0.27,-0.72,0.23,-1.09,0.04,0.03,0.84,-0.66,0.2,0.05,-0.35,0.45,0.82,-0.53,-1.76,-1.56,-0.49,0.09,0.48,1.44,1.03,1.16,-0.61,0.21,0.47,0.35,0.05,0.88,-0.35
"S86",-0.17,0.38,0.75,0.32,-0.55,0.22,0.12,-0.85,0.11,-0.57,0.31,0.45,-0.7,-0.25,-0.32,0.1,-0.35,-0.21,0.7,-0.28,0.09,-0.27,-1.14,-0.71,-0.47,-0.21,0.22,-0.26,0.09,-0.09,-0.32,-0.21,-0.4,1.1,-0.53,0.16,0.08,0.21,0.03,0.1,-0.39,1.4,-0.65,0
"S87",0.46,-0.46,0.83,0.15,-0.29,0.15,0.49,0.81,0.81,0.02,-0.13,1.05,0.03,0.48,-0.63,0.6,-1.19,0.47,-0.48,-0.72,-0.56,0.41,1.19,-0.71,1.08,0.59,0.24,-0.1,0.16,0.22,0.02,1.67,0.01,-0.3,0.11,1.25,-0.13,0.6,-0.36,0.66,-0.18,-0.73,-0.62,0.35
"S88",-0.09,-0.8,0.18,0.36,1.34,0.12,-0.59,0.35,0.12,0.16,0.61,0.51,0.66,-0.95,-0.13,0.26,-0.65,-0.85,0.67,-0.27,-0.66,-0.49,-0.03,-0.57,0.28,0.54,-0.03,-1.05,0.33,0.21,0.91,0.04,0.58,-0.33,1.11,0.84,0.84,-0.03,0.18,-0.12,-0.33,-0.38,-0.06,0.18
"S89",0.08,-0.68,-0.3,0.76,-0.61,1.07,0.25,0.17,0.38,0.15,0.07,0.17,-0.54,-0.67,0.42,0.43,0.92,-0.55,0.15,-0.49,-0.22,-0.2,0.38,-0.24,0.65,-0.75,-0.2,0.09,-0.06,-0.41,0.08,0.88,0.02,-0.23,0.29,-0.33,0.69,-0.83,0.38,0.35,-0.39,-0.56,0.46,0.28
"S90",-0.11,0.08,-0.28,0.36,-0.57,-0.32,0.47,-1.09,-0.01,-0.24,0.13,-0.31,-0.29,-0.11,-0.85,0.05,-0.21,-0.28,-0.23,0.04,0.23,0.87,-0.36,-0.17,-0.1,0.59,0.32,0.06,-0.37,0.96,-0.18,-0.48,-0.09,-0.53,0.09,0.65,0.19,-0.15,0.26,-0.74,-0.99,1.05,0.48,-1
"S91",-0.14,0.17,0.17,-0.15,-0.1,0.36,0.37,-0.38,-0.04,-0.03,-0.17,0.55,-0.32,-0.18,0.2,-0.49,-0.45,-0.07,0.53,-0.54,-0.11,0.04,-0.08,0.02,-0.26,-0.58,0.37,0.22,0.41,-0.04,0.09,0.26,-0.07,0.64,-0.18,1.05,1.62,-0.48,-0.3,-0.21,-0.46,0.38,-0.28,0.25
"S92",0.18,0.52,0.09,-1.32,0.18,-0.35,-0.17,-0.29,-0.18,0.57,-0.03,-0.08,0.68,0.52,0.27,-0.75,-1.06,0.74,-0.6,0,-0.39,0.34,-0.19,-0.25,-0.75,-0.11,0.49,-0.49,0.42,0.02,-0.16,-0.33,0.23,-0.45,-0.34,0.27,-0.22,0.5,-0.05,-0.22,0.07,-1.16,0.19,0.94
"S93",0.12,-0.9,0.48,-0.29,0.16,-0.16,0.32,0.7,0.55,0.28,-0.72,-0.93,0.66,0.21,-0.39,0.39,1.71,0.46,-0.01,-0.01,0.9,-0.16,-0.52,-0.86,-0.11,0.13,-0.37,1.05,-0.35,0.14,-0.6,0.21,0.69,-0.41,0.09,-1.78,-0.88,0.52,-0.67,-0.3,-0.25,-0.55,-0.9,0.3
"S94",-0.69,0.62,0.15,0.32,0.11,0.92,0.04,-1.11,-0.68,0.94,-0.35,-0.1,0.06,-0.16,-0.13,0.64,0.9,-0.27,1.13,-0.34,-0.18,-0.17,0.08,-0.28,0.09,-0.57,-0.29,-0.43,-0.65,0.33,0.99,0.17,-0.87,-0.39,0.78,-1.93,0.38,0.63,-0.44,-0.45,-0.08,0.64,-0.44,0.24
"S95",-0.63,0.44,-0.16,-1.4,0,-0.29,0.28,-0.4,-0.09,0.16,0.45,-0.87,-0.38,0.67,0.06,-0.49,-0.45,0.3,-1,-0.01,0.02,-0.34,0.52,-0.33,0.38,0.5,-0.2,-0.16,-0.01,-0.63,0.7,-0.38,-0.15,0.93,-0.42,0.75,0.51,-0.7,-0.08,0.57,0.95,-0.85,0.19,-0.1
"S96",-0.09,0.49,0.24,-1.03,0.06,-0.35,0.41,-0.4,-0.32,0.55,0.55,-0.06,-0.57,0.25,0.27,0.35,0.27,0.08,-0.6,0.2,0.09,-0.32,-0.05,0.07,0.67,-1,-0.13,-0.14,-0.43,-0.12,0.31,-0.15,-0.09,-0.1,-0.35,-0.73,0.11,0.04,-0.17,0.51,0.65,0.06,-0.52,0.17
"S97",0.32,0.69,-0.09,0.42,-0.02,0.04,-0.01,-0.94,-0.27,0.11,0.15,0.62,-0.27,0.14,-0.14,0.04,0.14,0.57,0.64,0.16,0.49,-1.01,-1,0.04,-0.15,0.3,-0.16,-0.21,0.35,1.15,0.48,-0.47,-1.04,-0.55,0.08,0.42,0.13,-0.78,-1.17,-0.09,-1,1.21,0.06,-0.56
"S98",-0.09,0.52,0.01,0.94,-0.63,0.72,-0.47,-0.68,0.37,-0.44,0.26,-0.57,0.66,0.16,-0.38,0,0.26,-0.13,0.54,0.1,0.18,1.08,-0.29,0.22,-0.37,0.83,-0.62,0.37,-0.19,0.83,0.53,0.76,1.01,-0.5,-0.84,0.71,0.3,0.01,-0.94,0.16,-0.71,1.52,0.69,-0.58
"S99",-0.69,-0.31,-1.42,0.62,0.95,0.25,-0.24,0.56,-0.03,-0.13,0.57,0,0.69,0.5,-0.16,-0.32,1.01,-0.67,1.69,1.23,0.51,-0.26,0.33,-0.2,-1.09,0.33,-0.57,-0.62,-0.09,-1.22,-1,-1.06,-0.54,0.47,0.06,-0.76,-0.34,-0.62,-0.33,-0.45,-0.8,0.54,1.62,0.29
"S100",0.35,-0.12,-0.9,0.02,-0.91,0.6,-0.26,0.81,-0.37,0.44,0.3,-0.47,-0.26,0.62,-0.07,-0.2,0.91,-1.31,0.69,0.33,-0.12,0.23,-0.52,1.1,0.12,0.14,-0.04,0.6,-0.26,0.5,0.06,0.02,-0.39,-0.41,0.15,-0.06,0.38,-0.97,-0.81,0.01,-0.63,-0.49,0.87,0.18
"S101",-0.28,0.09,-0.71,-1.39,0.05,-0.47,-0.54,-0.63,-0.26,0.44,-0.67,-0.92,-1.29,-0.33,-0.39,0.2,0.4,-0.33,-0.65,-0.13,0.57,-0.76,1.2,0.13,0.11,0.1,-0.19,0.2,0.32,-0.15,0.46,-0.05,0.97,-0.18,-0.22,-0.7,-0.1,-0.21,-0.34,0.22,1.43,-1.26,1.03,-1
"S102",-0.11,0.86,0.1,-0.62,-0.43,-0.06,0.41,1.07,-0.46,0.11,0.46,0.04,-0.15,0.36,-0.93,-0.2,0.92,0.7,0.59,0.3,0.48,-0.69,-0.85,1.01,0.44,-0.37,-0.07,-0.2,0.33,-0.23,-0.35,0.4,-0.1,-0.46,-0.13,-0.25,-1.14,0.01,-1.26,0.35,-0.34,-0.63,-0.01,-0.41
"S103",1.05,1.03,1.08,0.07,1.34,0.67,0.33,0.8,-0.69,-0.56,-0.3,0.06,0.12,0.02,-0.21,0.19,-0.93,-0.41,-0.33,-0.59,-1.05,0.23,0.43,0.47,0.95,0,0.77,-0.27,-0.46,-0.57,0,0.95,-0.36,-0.43,-0.01,0.95,0.45,0.73,0.54,0.15,-0.77,-0.02,-1.3,0.53
"S104",-0.29,-0.84,0.27,0.3,-0.29,-0.81,0.7,-0.15,-0.26,-0.05,-0.2,0.28,-0.14,0.93,-0.08,-0.43,-0.35,1.2,-0.37,0.16,0.11,-0.01,1.01,-0.54,0.59,-0.44,1.85,-0.41,-0.18,-1.33,0.26,0.29,-0.98,0.3,-0.68,0.36,0.77,-0.49,0.65,-0.21,-0.02,0.13,-0.05,-0.28
"S105",0.32,1.3,0.15,-0.6,1.14,-0.49,-0.15,-0.08,-0.46,-0.08,0.51,0.56,0.35,-0.84,0.35,-0.55,-1.29,0.21,0.26,0.47,0.21,-0.34,-0.18,0.44,-0.18,-0.27,0.04,-1.1,0.02,0.23,-0.8,-0.08,-0.08,0.14,1.25,1.57,-1.13,-0.37,-0.62,-0.78,-0.16,0.19,0.09,-0.56
"S106",-0.02,-0.33,-0.61,0.15,-0.86,0.24,0.12,0.12,0.61,-0.54,-0.52,0.58,-0.75,-0.8,0.59,-0.04,-0.73,-1.18,-0.5,-0.6,-0.82,-0.42,-0.21,0.54,-0.06,0.18,0.24,1.31,0.68,-0.65,0.14,0.42,0.08,-0.62,-0.15,1.17,0.45,-0.53,-0.7,-1.26,-0.34,-0.15,0.42,0.23
"S107",-0.22,-0.29,0.22,-0.67,0.66,-0.48,-0.04,0.28,-0.06,0.6,-0.8,-0.02,-0.24,0.74,-0.64,0.23,-0.21,-0.12,-0.3,0.4,-0.72,0.27,-0.43,-0.01,-0.49,0.39,-0.18,0.3,-0.42,-0.87,-0.46,0.37,-0.4,-0.53,0.26,1.12,-0.07,0.3,0.44,-0.84,0.14,-0.81,-0.82,-0.01
"S108",0.35,0.32,0.23,-0.63,-0.21,0.06,0.3,-1.01,0.46,0.29,-0.24,0.35,0.28,0.42,0.84,-0.91,-0.47,-0.91,-0.4,0.13,-0.51,-0.68,-0.01,0.14,-0.52,-0.62,0.3,0.36,-0.33,-0.27,-0.36,0.14,-0.31,-0.2,-0.75,0.66,1.98,0.1,0.17,0.75,0.01,-0.03,-0.43,0.15
"S109",-0.36,1.11,0.36,-0.27,0.36,-0.18,0.87,1.57,-0.05,0.35,0.18,-0.43,-0.98,0.03,-0.41,-0.06,1.43,0.42,-0.81,-0.08,-0.19,0.89,0.31,-0.18,0.82,-0.22,-0.78,0.77,-0.04,-0.35,-1.78,0.25,-0.47,-0.46,0.84,-1.86,-0.77,-0.04,0.09,0.06,0.07,-0.73,-1.33,0.24
"S110",-0.32,-0.57,0.64,-0.67,0.42,-1.18,-0.07,-0.09,0.22,0.23,-0.2,-0.62,-0.39,-0.03,0.06,-0.07,-0.47,0.96,-1,-0.64,0.21,-0.41,-0.3,1.03,0.16,-0.09,0.68,0.82,-0.59,-1.05,0.58,0.71,0.38,-0.56,0.44,0.69,0.64,-0.17,0.09,1,-0.3,0.65,-1.06,-0.39
"S111",0.71,-0.14,1.19,0.73,0.12,0.32,0.45,-0.37,0.59,-0.28,-0.02,-0.24,0.14,0.83,0.03,0.41,0.68,-0.28,1.1,-0.23,0.33,-0.09,-0.73,0.15,0.12,-0.41,-0.02,-0.65,-0.4,1.97,-0.74,0.12,0.17,0,-0.88,-0.88,0.77,0.14,-0.05,1.28,-0.78,0.82,0.22,-0.06
"S112",0.15,0.19,1.36,0.15,-0.48,-0.26,-0.39,0.46,-0.06,0.44,0.39,0.27,-0.07,0.71,-0.37,0.57,0.47,-0.02,-0.1,-0.51,-0.5,0.12,-0.37,-0.23,-0.97,0.29,0.42,-0.01,-0.12,0.85,-0.68,0.79,-0.3,0.08,0.11,0.17,0.1,0.52,0.79,1.38,-0.24,0.34,-1.22,0.7
"S113",1.51,-0.33,1.51,-0.06,0.26,-0.15,0.51,0.13,-0.05,-1.02,-0.43,0.47,-0.25,0.46,-0.03,0.27,-0.49,0.01,-0.4,-0.33,-0.1,-0.2,0.63,-0.86,-0.03,-0.24,0.07,-0.27,-1.17,-0.25,0.32,0.68,-0.03,0.01,-0.44,0.96,0.1,0.55,0.35,1.43,0.91,-0.64,-1.25,0.89
"S114",-0.01,0.34,-0.43,-0.78,0.13,-0.38,0.07,-0.24,0.03,-0.78,0.3,-0.32,-0.27,-0.75,-0.54,0.38,-0.63,0.08,-0.7,0.33,0.11,-0.07,0.01,-0.94,0.82,0.09,0.11,-0.03,0.81,0,0.44,0.1,-0.24,0.51,0.86,0.84,0.4,-0.02,-0.02,0.28,0.41,0.43,-0.06,-0.05
"S115",0.2,0.91,0.13,-0.35,-0.28,-0.7,0.52,-0.02,-0.7,0.37,0.41,-0.57,-0.04,0.53,0.05,-0.41,0.71,0.79,-0.96,0.02,0.48,-0.27,0.18,-0.7,0,-0.29,-0.54,-0.09,-0.48,0,0.46,0.09,-0.03,-0.24,-0.47,-0.37,-1.42,0.19,-0.25,-0.35,0.6,0.62,-0.19,0.74
"S116",-0.73,-0.79,-0.84,0.54,-0.06,0.36,0.27,-0.4,-0.16,0.85,0.25,-0.83,1.24,0.11,0.48,0.07,0.74,0.1,0.14,-0.19,0.86,0.69,0.09,-0.21,0.36,0.52,-0.63,-0.03,-0.03,-0.26,0.3,-0.94,-0.48,1.27,0.4,-0.27,-1.02,-0.98,0.83,-1.22,-0.57,-0.11,1.02,-1.09
"S117",0.56,0.42,0.3,0.14,0.74,0.72,0.51,-0.06,-1.09,0.39,-0.15,-0.44,-0.08,-1.11,0.39,-0.39,0.89,-0.3,0.85,-0.99,-0.12,0.28,-0.77,-0.65,-0.45,0.28,-0.12,0.22,-0.55,-0.49,0.77,0.5,-1.15,0.6,0.32,-0.86,-1.27,0.13,-0.35,0.55,0.28,0.9,0.35,0.74
"S118",-0.55,-0.18,-1.03,-0.2,0.36,-0.62,-0.44,0.19,0.12,0.15,1.59,1.19,0.2,0.01,0.18,0.61,-0.23,0.66,-0.35,0.03,-0.3,0.24,0.19,0.04,0.15,0.3,-0.22,-0.66,0.73,-0.15,-1.43,-0.83,0.09,0.33,-1.13,1.36,-0.57,-0.85,-0.47,-0.11,0.24,-0.86,1.32,0.01
"S119",-0.4,-0.41,-0.46,-0.07,-0.54,0.3,0.63,0.12,0.23,-0.34,-0.16,0.36,-0.16,-0.22,0.09,0.37,-0.22,-0.26,0.1,-0.59,0.44,0.28,-0.37,-0.13,0.17,0.33,-0.14,0.44,0.13,-0.06,0.23,0.21,0.48,-0.07,0.36,-0.65,0.45,-0.54,-0.63,0.22,-0.34,-0.25,-0.59,0.03
"S120",0.58,0.05,0.78,0.02,0.36,-0.36,-0.03,-0.47,0.4,-0.2,0.23,-0.19,-0.14,0.94,0.56,0.06,0.07,0.16,-0.54,-0.48,0.85,-1,-0.29,0.36,-0.02,-1.33,-0.32,-0.33,0.11,0.32,0.33,0.17,-0.13,0.24,-0.47,-0.1,0.07,0.49,-1.7,-0.51,-0.41,0.72,-0.83,1.29
"S121",0.63,0.69,0.02,-0.05,0.07,0.17,0.04,-0.55,0.47,0.48,0.19,0.34,0.38,1.15,0.42,0.12,-0.19,0,0.44,0.51,0.1,0.8,0,0.29,-1.01,1.15,-0.18,-0.66,0.48,1.07,0.27,0.95,0.62,-0.08,-0.91,0.12,-0.39,-0.53,-0.19,0.31,0.25,0.48,-0.62,-0.52
"S122",-0.91,0.45,-1.34,0.31,0.3,0.91,-0.09,0.49,-0.11,-0.16,0.65,0.47,-0.34,0.08,-1.18,-0.17,0.29,-0.06,0.73,0.36,0.7,0.59,0.55,-0.53,0.15,-0.56,0.77,-0.35,0.08,-0.71,-0.18,-1.47,0.12,0.44,-0.28,-0.37,0.25,-0.68,-0.67,-0.28,0.8,-0.62,1.14,-0.34
"S123",0.19,0.29,0.33,0.67,0.19,0.88,-0.94,0.11,0.28,-0.38,0.94,-0.3,0.42,0.32,0.35,0.86,1.24,0.02,1.15,-0.55,-0.45,-0.55,0.29,-0.4,0.61,0.13,-0.09,-1.34,0.51,2.14,-0.23,0.54,0.2,-0.31,-0.01,-0.82,0.3,0.85,-0.06,0.57,-0.83,0.38,-0.06,0.49
"S124",-0.55,-0.61,-0.6,-0.4,-0.41,0.02,0.13,-0.05,-0.96,0.51,-0.77,0,-0.83,-0.94,-0.77,0.13,0.45,-0.57,-1.15,-0.64,-0.67,0.52,-0.57,0.93,-0.02,0.08,0.39,0.05,0.49,1.43,1.24,-0.47,0.31,-0.68,-0.26,-1.58,0.73,-0.79,0.85,0.08,1,0.09,0.16,-0.26
"S125",-0.83,0,-0.94,0.29,-0.25,-0.39,-0.36,-0.15,-1.05,-0.96,-0.15,0.4,-1.21,-0.24,-0.3,-0.84,-1.68,1.17,1.66,0.28,0.15,0.49,-0.21,-0.79,-0.7,-0.13,-0.4,0.85,0.09,-0.73,0.48,0.41,-0.72,-1.04,0.25,1.93,-1.69,0.15,0.57,-1.79,0.35,0.78,0.66,-0.42
"S126",0,0.25,-0.48,-0.92,0.96,0.38,0.09,0.12,0.05,-0.03,0.48,-0.44,0.67,-0.11,0.73,-0.25,-0.27,-0.61,-0.01,-0.26,0.18,0.27,0.64,-0.1,-0.02,-0.01,-0.24,-0.61,0.96,-1.14,-0.06,0.04,0.52,0.34,0.11,0.36,0.86,-0.02,-0.04,-0.34,0.19,-0.96,0,-0.14
"S127",0.6,0.32,-0.39,0.11,-0.17,-0.29,0.47,-0.55,0.53,-0.08,-0.06,0.01,-0.21,-0.32,0.41,0.02,0.58,0.2,-0.13,-0.37,0.44,0.07,0.14,0.3,0.68,0.26,-0.45,-0.13,-0.41,0.2,-0.02,-0.11,0.28,0.29,0.34,-0.67,-1.03,-0.63,-0.39,-0.99,0.09,0.23,0.01,0.96
"S128",-0.73,0.09,-1.62,0.02,0.16,0.05,1.68,-0.28,-0.98,0.55,0.65,0.35,-0.12,-0.59,0.91,0.64,0.81,-0.69,-0.16,0.58,-0.15,-0.26,-0.31,0.1,0.42,-0.26,-0.28,-1.39,0.73,0.04,0.35,0.1,-0.72,-0.42,1.16,-0.92,0.42,-0.93,-0.25,-1.75,-0.24,0.69,2.47,-0.35
"S129",0.13,0.09,-0.16,0.15,-0.03,0.26,0.28,0.05,0.65,-0.28,-0.4,0.08,-1.02,0.63,0.03,-0.6,-1.54,0.6,0,0.32,0.07,0.59,0.14,0.04,0.41,-0.03,-0.29,-0.43,-0.59,0.37,-0.25,0.15,0.75,0.03,-0.56,1.53,-0.3,-0.62,-0.11,0.43,-0.05,0.47,-0.23,-0.47
"S130",0.2,0.18,0.03,0.31,0.32,0.12,0.39,-1.06,-0.01,-0.69,1.12,0.28,-0.13,0.84,-0.01,0.57,-0.95,-0.05,0.71,0.57,-0.4,0.76,0.63,0.08,0.16,-0.16,1.07,-0.84,0.7,-0.29,0.25,0.31,0.39,-0.95,-1.12,0.22,0.48,0.33,-0.19,0.16,-1.53,0.03,-0.75,-0.03
"S131",0.58,0.44,1.07,0.13,-0.32,-0.56,-0.19,-0.01,0.17,0,0.47,0.74,-0.64,0.4,-0.22,0.47,-0.62,0.51,-0.3,-0.72,0.04,-0.14,1.43,0.53,0.03,-0.15,0.35,-0.27,0.35,0.7,1.11,0.86,-0.14,-0.14,0.13,0.38,-0.28,0.44,-0.11,0.58,-0.2,-0.15,-1.18,0.61
"S132",1.35,0.09,1.16,0.29,0.84,-0.07,0.28,1.21,0.02,-0.16,-0.09,0.29,0.19,0.69,-0.14,0.42,-0.91,0.33,-0.67,-0.08,-0.39,0.1,-0.35,-0.74,1.49,-0.7,-0.9,0.08,-0.48,1.65,-0.32,0.02,-0.17,-0.14,-0.64,0.86,-2.38,1.36,-0.02,0.51,-0.89,0.05,-0.37,0.43
"S133",0.24,-0.45,1.07,0.07,-1.14,-0.17,0.16,0.34,0.51,-1.44,0.68,-0.38,0.22,0.32,-0.09,0.43,-0.69,0.67,-0.16,-0.31,-0.43,0.38,0.53,-0.13,0.12,-0.04,0.23,-0.44,-0.03,0.4,-0.25,0.54,0.41,0.22,0.27,0.31,-0.53,1.5,-0.25,0.88,-0.12,-0.87,-0.56,0.05
"S134",1.32,-0.14,2.09,-0.56,0.41,-0.92,0.39,0.37,0.25,-0.69,-1.08,0.2,0.18,0.08,-0.03,-0.12,-1.83,1.5,-1.03,-1.15,-0.04,1.51,0.12,-0.18,0.08,0.63,-0.86,0.85,-0.79,-1.03,-0.39,0.95,0.06,-0.35,0.18,1.8,-1.79,1.94,0.24,1.25,0.61,0.32,-1.53,-0.49
"S135",0.75,0.44,0.51,0.69,-0.51,0.44,0.47,-0.46,0.27,0.38,-1.09,0.59,0.89,0.19,-0.56,0.39,0.51,-1.1,0.38,-0.74,-0.12,-0.5,-0.67,-0.05,0.48,0.51,-0.49,1.98,0.47,0.18,0.85,0.17,0.42,-0.41,-0.41,0.04,0.45,-0.27,-0.47,0.56,-0.55,1.12,0.38,-0.15
"S136",0.19,1.24,-0.61,-0.36,0.39,-0.38,0.34,-0.24,-0.48,-0.3,-0.46,-0.24,-0.18,-0.5,0.32,0.46,0.2,0.43,-0.72,0.3,0.75,-1.1,-0.45,0.01,0.3,1.13,-0.18,0.7,0,-0.99,-1.32,-1.49,-1.14,-0.95,-0.25,0.08,-0.68,-0.46,-0.21,-0.51,-0.06,0.6,-0.03,-0.77
"S137",-0.33,-0.22,-0.79,0.09,0.76,0.15,-0.45,0.3,-1.66,-0.07,0.17,0.45,-0.12,-0.25,0.37,-0.35,-1.4,0.01,0.75,0.99,-0.06,-0.54,-0.17,0.23,-1.33,0,-0.04,-0.2,0.15,-1.67,0.97,-0.19,-0.82,-0.04,0.41,1.05,0.19,-1.58,-0.37,-1.53,-0.95,0.21,0.64,-0.26
"S138",0.52,0.63,0.47,-0.6,0.38,-0.08,0.01,-0.79,-0.62,0.18,-0.74,0.96,-1.16,-0.49,0.34,0.66,-1.26,-0.04,-0.46,0.28,0.67,-0.21,-0.33,0.31,0.72,-0.4,0.34,1.38,-0.44,-0.83,0.69,0.1,-0.42,-0.59,0.52,1.55,0.75,-0.2,-0.14,0.66,0.03,0.66,-0.19,-0.48
"S139",-0.8,0.16,-1.22,-0.13,-0.31,0.1,-0.43,-0.05,0.09,0.16,0.14,0.49,0.02,-0.76,0.22,1.43,-0.69,-0.47,-0.54,0.91,0.31,-0.11,0.14,-0.41,0.65,0.45,-0.23,0.2,-0.15,-0.39,0.64,-0.65,0.51,-0.71,1.15,1.55,0.3,-0.03,-0.95,0.16,0.79,-0.43,1.56,-0.37
"S140",0.1,0.24,0.26,1.03,0.75,0.45,-0.09,0.52,0.49,0.2,0.81,-1.29,0.16,-0.31,-0.28,-0.49,2.27,-0.34,2.12,-0.26,0.38,-0.02,0.28,-0.07,-0.57,0.57,0.26,-0.46,-0.7,-0.3,-0.81,-0.96,0.11,0.07,-0.02,-3.11,-0.04,0.54,0.91,0.68,-0.22,-0.28,-0.96,-0.43
"S141",-0.11,-0.11,-0.22,0.31,0.52,-0.12,-0.66,-0.59,0.41,-0.83,-0.55,-0.89,0.06,-0.01,-0.28,-0.16,0.29,0.2,-0.51,0.2,0.51,-0.25,0.18,-0.47,-0.2,-0.64,-0.83,0.06,-0.48,0.17,1.3,0.14,0.36,-0.09,-0.13,-0.51,0.01,-1,-1.53,-0.24,-0.21,0.89,0.34,0.01
"S142",1.96,-0.42,2,0.37,-0.06,-0.08,-0.27,0.23,-0.26,-0.39,0.46,0.01,-0.37,0.98,-0.89,0.33,0.06,1.49,0.45,0.24,-0.14,0.08,-0.52,-0.09,0.34,0.76,0.02,-0.37,-1.11,1.35,-0.21,1.34,-0.68,-0.9,-1.18,-0.42,-1.31,0.86,-0.01,1.88,0.38,0.82,-2.06,1.21
"S143",0.01,-0.19,-0.05,0.48,0.27,0.67,0.76,0.45,0.68,0.38,0.65,0.49,0.01,-0.04,-0.17,0.72,1.7,-0.92,0.72,0.49,0.19,-0.82,0.02,0.98,0.76,-0.05,-0.67,0.09,-0.93,0.74,0.13,-0.46,0.21,-1.07,-1.49,-2.13,0.44,0.78,-0.2,0.07,-0.84,0.3,-0.91,-1.04
"S144",-0.06,-0.3,-0.02,-0.33,0.74,-0.08,0.57,0.34,0.07,0.06,-0.2,-0.47,0.08,-0.41,0.44,-0.18,-0.2,0.73,0.25,0.06,-1.06,0.98,-0.49,-0.2,0.86,0.14,0.12,0.63,-0.01,-1.65,0.77,0.61,-0.41,-0.43,1.33,-0.31,-0.65,0.07,0.61,-0.29,0.69,-0.27,0.53,-0.94
"S145",0.27,0.32,0.34,-1.1,-0.3,0.02,0.01,0.45,0.72,0.25,-0.09,-0.01,-0.18,1.02,0.5,-0.19,-1.6,-0.18,-0.48,-0.42,-0.09,0.3,0.25,-0.66,0.68,-0.33,0.81,-0.94,-0.23,0.75,-0.07,-0.06,1.44,-0.89,-1.04,0.85,1.14,0.66,-0.97,0.81,-0.14,-1.36,-0.06,0.1
"S146",0.12,-0.22,0.94,0.89,0.47,0.3,0.66,-0.2,0.53,-0.29,0.42,-0.19,-0.04,0.17,0.5,-0.26,1.14,-0.71,0.29,-0.48,0.58,0.11,-0.07,-0.52,-0.25,0.31,0,0.09,0.06,-2.04,0.12,0.06,-0.2,0.63,-0.62,-1.63,1.47,0.85,0.05,0.59,-0.35,0.7,-0.45,0.06
"S147",-0.13,0.72,0.34,0.89,0.2,0.53,-0.73,0.17,-0.99,-0.08,0.39,0.03,-0.01,0.07,1.11,-1.27,-1.71,0.21,1.08,-0.56,0.53,0.82,0.34,-0.17,-0.28,0.08,0.93,-0.48,-0.68,-1.39,-0.31,0.39,-0.54,-1.15,-1.02,1.39,-0.04,0.52,-0.49,1.1,-0.43,0.88,-0.39,-1.59
"S148",-0.3,0.66,-0.36,-0.5,-0.15,-0.49,-1.48,0.5,-0.52,0.25,0.35,-0.19,-0.18,0.06,-0.1,0.49,-1.36,1.37,-0.83,-0.34,-0.07,-0.22,-0.65,0.08,0.04,-0.42,0.62,-0.23,0.06,0.68,0.19,-0.18,-0.09,0.17,-0.84,1.6,-0.43,0.61,-0.12,0.24,0.02,-0.55,0.61,-0.3
"S149",-0.4,0.52,0.03,-0.29,-0.49,0.37,0.73,-0.01,-0.34,-0.42,0.15,0.4,0.89,0.95,0.18,0.4,-0.02,-0.11,0.84,-0.86,-0.05,-0.35,-0.03,-0.42,0.01,-0.64,0.03,-0.16,0,-0.89,-0.2,-0.12,-0.04,0.36,0.13,0.32,-0.22,-0.18,0.43,-0.05,0.05,-0.52,0.46,0.91
"S150",0.49,0.46,0.94,0.42,-0.13,1.02,-0.17,-0.04,-0.09,0.72,0.06,0.06,-0.63,1.21,0.09,-0.33,0.3,-0.6,0.99,-0.38,0.62,0.64,0.18,0.21,-0.48,0.36,-0.32,-0.31,-0.26,0,-0.27,-0.09,-0.08,-0.27,-0.81,-0.44,-0.16,0.59,0.56,0.11,-0.31,1.25,-0.58,0.11
"S151",-0.16,0.14,0.12,-0.07,-0.59,-0.26,0.58,0.24,0.09,0.73,0.09,-0.64,-0.05,-0.57,-0.08,-0.08,1.46,0.04,-0.07,-0.42,0.08,-0.66,-0.12,1.48,0,-0.59,0.32,0.9,0.36,0.36,-0.27,-0.18,0.37,0.43,0.14,-1.69,0.97,-0.02,-0.53,-0.24,-0.62,-0.37,-0.12,0.01
"S152",0.34,-0.26,1.14,1.12,0.45,0.58,-0.46,-0.26,-0.07,-0.18,0.02,0.16,0.89,0.15,0.66,0.12,0.86,-1.12,1.24,0.2,-0.57,-0.29,0.31,0.87,-0.76,-0.32,0.39,0.2,-0.75,-0.51,0.07,1.63,-0.66,-0.28,0.13,-1.05,1.4,1.1,0.37,0.8,-1.32,0.81,-0.65,0.58
"S153",-0.39,0.23,-0.11,0.24,-0.06,0.57,0.36,1.07,0.3,0.18,1.05,-0.3,0.18,-0.02,-0.43,0.62,1.55,-1.02,0.68,-0.09,1.45,-0.58,0.45,0.49,0.59,-0.06,-0.07,-1.26,0.65,-0.02,-0.5,-0.56,-0.47,-0.34,-0.11,-1.38,0.58,0.25,-0.69,-1.07,-1.09,0.06,-0.14,0.98
"S154",0.04,-0.6,0.43,-0.16,1.25,-0.06,0.37,-0.98,-0.32,-0.12,0.14,-0.39,0.24,0.7,0.37,0.56,0.62,-0.41,-0.52,0.13,0.04,0.72,0.53,-0.51,0.19,0.84,-0.27,-0.17,-0.42,-1.83,1.47,0.17,-0.27,-0.42,-0.45,-0.28,0.37,0.58,-0.03,0.7,-0.08,0.06,-0.63,-0.25
"S155",0.36,-0.53,-0.3,0.28,-0.7,-0.21,-0.03,0.24,0.17,0.09,0.84,0.28,-0.83,-0.71,-0.14,0.68,0.26,-0.16,-0.09,-0.2,-0.45,0.23,-0.23,0.28,0.87,0.14,0.73,0.05,0.93,2.05,1.3,-0.12,0.56,-0.55,-0.84,-0.7,0.17,-1.04,0.48,0.26,0.58,0.67,0.08,0.04
"S156",0.14,0.71,-0.35,-0.01,0.3,0.53,0.36,-0.01,-1.05,-0.69,-0.08,-0.08,-0.46,-0.82,0.11,0.82,-0.71,-0.34,0.29,-0.08,0.64,-0.05,-0.32,-0.11,0.35,0.79,0.09,0.37,0,-0.14,-0.13,-0.62,-0.59,-0.15,0.03,0.6,-0.16,0.33,-0.11,0.67,-0.67,0.59,-0.37,-0.04
"S157",0.04,-0.32,-0.26,0.05,-0.54,0.31,-0.76,-0.7,-0.4,-0.51,-0.22,0.24,-1.21,-0.67,1.71,0.04,-1.54,0.26,-0.15,0.31,-0.56,-0.13,-0.31,0.64,-0.85,1.22,0.69,0.25,-0.1,0.04,1.18,0.35,0.4,-0.36,0.55,2.38,0.39,0.36,0.31,0.57,0.21,0.58,1.25,0.33
"S158",0.08,0.09,0.88,1.04,-0.6,0.17,-0.09,0.46,0.9,-0.55,0.55,0.19,-0.79,-0.27,-0.49,-0.45,0.84,-0.09,-0.05,-0.19,-0.31,-0.23,0.57,0.51,-0.24,1.06,0.05,-1.4,0.07,0.3,-0.59,0.78,-0.6,-0.01,0.71,-1.52,0.64,-0.22,0.43,0.03,-0.25,-0.48,-1,0.07
"S159",0.39,0.11,0.22,0.46,0.15,0.43,0.32,-0.2,0.6,0.66,0.51,-0.5,0.37,0.29,-0.7,0.38,1.34,-0.36,0.58,0.25,-0.35,-1.27,-0.66,0.02,0.8,-0.41,0.59,0.68,0.07,0.77,-0.23,0.01,-0.15,-0.19,1.26,-2.11,0.96,-0.04,-0.62,0.08,0.26,-0.38,-0.35,-0.47
"S160",0.77,-0.58,0.51,0.42,0.23,0.24,-0.36,-0.63,0.45,0.35,-0.13,0.43,-0.85,0.39,0.13,0.06,0.36,-0.52,0.94,-0.53,-0.22,-0.75,0.36,-0.96,-1.12,-0.7,0,-0.09,-0.69,0.08,0.13,0.18,-0.48,-0.3,-0.55,-0.74,0.31,0.99,0.11,0.17,0.12,-0.2,-0.57,0.16
"S161",0.61,-0.03,1.58,-0.49,-0.03,0.27,0.61,-0.56,0.12,0.41,1.02,0.47,-0.16,-0.04,-0.02,1.45,-0.09,-0.43,-0.14,-0.82,-0.6,0.16,-0.12,-0.71,0.18,-1.59,-0.03,-0.9,-0.18,1.31,0.18,-0.2,-0.29,-0.16,-0.23,0.12,1.52,1.09,-0.42,1.36,0.08,-0.21,-1.87,0.94
"S162",0.16,-0.18,0.27,0.23,0.08,0.7,-0.17,0.08,0.78,-0.89,0.28,-0.24,-0.45,-0.9,-0.05,0.06,0.02,-0.24,0.74,0.17,-0.02,0.55,-0.35,-1.33,-0.84,-0.06,-0.19,0.27,-0.54,-0.22,-0.14,0.44,0.61,0.06,0.27,0.28,0.1,0,0.33,0.22,0.22,0.09,0.69,-0.26
"S163",0.81,0.69,-0.56,0.7,0.31,0.56,0.48,-0.65,-1.38,-0.84,-0.18,-0.63,-0.51,0.78,0.53,0.35,-1.02,-0.02,0.39,0.36,-0.42,0.64,0.74,-0.16,0.6,-1.92,-0.31,-0.29,-0.55,-0.39,1.42,-1.66,-0.42,-1.41,-0.49,1.24,-0.81,-0.64,0.26,-0.5,-0.05,0.94,-0.11,0.59
"S164",-0.36,-0.45,-0.37,-0.23,-0.17,0.27,0.27,1.08,-1.13,-0.48,-0.44,0.42,0.36,0.31,0.52,-1.59,-1.53,0.22,0.07,0.57,-0.94,-0.05,-0.2,-0.76,-1.23,0.04,0.28,0.62,-0.15,-1.93,0.78,0.29,-1.02,-0.15,0.04,2.34,-0.44,-0.52,0.09,0.19,0.16,-0.73,-0.12,-0.56
"S165",0.46,0.3,0.04,-0.74,-0.59,0.31,-0.23,0.93,-0.54,0.16,-0.12,-0.3,-0.69,0.23,-0.46,0.66,0.27,-1.3,-1.12,0.13,-0.22,0.7,0.21,0.48,-0.05,-0.26,-0.66,0.03,0.37,1.85,-0.47,-0.02,-0.71,-1.05,-0.83,-0.46,0.92,-0.45,0.33,-0.57,-0.22,-1.12,0.7,-0.35
"S166",-0.95,0.48,-0.72,-0.27,-0.36,0.26,-1.27,0.03,-0.16,0.3,0.5,0.05,0.43,-0.08,-0.48,-1.35,-0.73,-0.57,-0.39,0.25,-0.94,-0.18,0.41,-0.25,-0.87,-0.2,1.08,-0.02,0.26,-0.22,-0.47,0.14,0.62,0.29,0.42,0.99,1.53,-0.92,0.57,-0.31,0.14,-0.88,-0.39,-0.04
"S167",-0.43,-0.75,0.52,-0.28,-1.12,0.69,-1.01,0.43,-0.19,-0.44,0.41,0.81,0.44,-0.22,-0.47,0.54,-0.79,-1.84,0.11,-0.86,0.05,0.3,0.7,0.37,-0.82,0.57,-0.11,0.42,0.05,1.37,0.37,1.18,0.48,1.77,0.34,0.53,1.72,0.81,0.02,-0.1,-0.56,-0.87,0.94,0.51
"S168",0.58,0.63,1.24,-0.23,-0.6,-0.5,-0.42,0.74,0.28,0.31,-0.49,-0.77,-0.21,0.34,-0.18,0.21,0.96,1.03,-0.2,0.06,0.24,-0.64,0.29,0.16,0.21,0.43,-0.23,1.08,0.05,0.07,-0.81,0.96,0.53,0.54,-0.32,-1.5,-1.04,0.91,-0.9,0.34,0.3,-0.79,-1.45,0.03
"S169",0.15,-0.92,-0.38,-0.12,-0.12,-0.19,0.17,-0.61,0.16,-0.25,0.07,0.43,-0.2,-0.03,-0.24,-0.42,-1.01,-0.08,0.55,0.37,0.13,0.66,-0.44,0.22,-0.51,0.45,1.05,0.11,-0.09,-0.12,0.31,-0.77,0,-0.32,0.64,2.17,0.09,-0.47,-0.03,0.1,-0.15,0.42,0.99,-0.16
"S170",0.23,-0.88,0.2,0.68,0.35,-0.05,-0.24,-0.31,-1.07,0.03,-0.52,0.72,-0.22,-0.68,0.09,0.28,-0.66,-0.19,0.71,0.02,-1.05,0.18,0.29,-0.84,0.35,-1.01,-0.7,-0.25,0.11,-0.76,1.65,-0.22,-0.05,-0.19,0.88,0.07,-1.32,-0.66,0.45,-0.78,-0.39,0.14,-0.69,-0.16
"S171",-1.14,0.28,-2.19,-0.55,-0.03,-0.82,-0.38,0.06,-0.61,0.56,0.26,-0.29,-0.72,-1.41,0.72,-0.29,-0.54,0.86,-1.35,0.63,0.81,-0.38,-0.44,0.71,0.21,-0.37,-0.33,0.12,1.25,-0.3,-0.53,-2.37,-0.55,-0.16,0.51,0.29,-1.27,-0.8,0.03,-0.08,0.2,0.35,1.13,-0.32
"S172",0.14,0.1,-0.14,-0.19,0.13,-0.46,-0.27,-0.06,0.09,0.75,0.51,0.94,0.53,-1.31,0.38,0.79,0.19,0.02,-0.85,0.32,0.19,-0.39,-0.07,-0.27,0.75,-0.54,-0.85,-0.19,-0.53,0.66,-0.15,0.17,0.31,0.24,-0.31,-0.67,-0.78,0.14,-0.47,0.06,0.39,0.67,1.09,-0.78
"S173",0.76,-0.71,0.95,0.06,0.74,0.78,-0.4,-1.32,-0.49,0.79,0.21,0.28,0.29,0.49,0.12,-0.73,0.16,0,-0.06,-0.49,0.02,0.36,0.29,-0.29,-1.11,0.25,-0.78,0.49,-0.41,1.02,1.06,0.63,1.06,0.35,-0.44,0.33,-0.09,1.12,0.22,0.88,0.28,0.98,-1.74,-0.15
"S174",0.59,0.33,-0.47,0.38,-0.59,-0.12,-0.54,0.1,-0.29,0.58,0.98,-1.26,-0.43,-0.67,0.15,-0.18,0.24,0.29,0.27,0.19,-0.29,0.07,0.13,0.49,0.27,0.98,-0.62,-0.07,-0.47,0.37,0.1,0.04,-0.22,-0.31,0.82,-0.25,-0.17,0,0,-0.44,0.67,-0.24,0.84,-0.07
"S175",0.55,-0.24,1.37,0.15,0.17,0.38,1.04,-0.33,0.7,0.31,0.24,0.69,0.15,0.32,0.13,0.51,0.57,-1.57,-0.49,-1.06,-0.99,0.02,-0.68,-1.18,1.07,-0.8,-0.45,-0.15,0.25,0.49,0.03,-0.03,0.72,-0.02,-0.07,-0.26,1.12,0.7,0.03,1.07,-0.52,0.33,-0.47,0.01
"S176",-0.09,-0.03,1.07,0.02,0.41,-0.37,-0.6,0.44,1.26,-1.05,-0.24,0.49,-0.21,-0.26,0.06,0.77,0.27,0.9,-0.43,-0.7,-0.84,-0.71,0.26,0.45,0.29,0.09,-0.22,-0.55,-0.12,0.02,-0.97,-0.26,0.19,0.6,0.6,0.15,-1,0.01,0.48,0.57,-0.27,0.02,-0.79,-0.57
"S177",-0.45,0.05,-0.53,0.64,-0.4,-0.27,-0.58,0.24,0.19,-0.08,-0.29,-0.21,-0.33,0.67,-0.04,-0.01,0.34,0.14,-0.34,0.26,0.5,0.08,0.13,0.27,0.67,0.1,0.7,0.91,0.03,-0.16,0.04,-0.15,0.44,0.32,-0.93,0.47,1.48,-0.38,0.46,-0.2,-0.11,0.03,0.75,0.19
"S178",-0.08,0.44,0.98,-0.2,-0.08,0.11,-0.72,0.3,0.3,-0.3,-0.41,0.09,0.35,0.36,0.15,-0.15,0.25,0.5,-0.17,-0.33,0.85,-1.11,0.31,-0.23,-0.11,-0.81,-0.41,-0.62,-0.66,0.35,-0.39,0.83,-0.17,0.89,-0.67,-0.18,-1.72,0.47,-0.55,0.27,-0.05,-0.83,-0.72,0.53
"S179",-0.83,-0.79,-0.64,0.59,-0.54,0.18,-0.2,1.03,-0.45,0.68,-0.49,-0.83,0.52,-1.2,-0.13,-0.04,1.85,-0.37,0.43,-0.41,-1.32,-0.12,-0.09,0.51,-0.91,-0.8,0.91,0.5,0.55,0.02,0.59,-1.32,-0.25,0.35,0.61,-1.22,0.83,0.47,0.3,-0.62,-0.83,0.5,-0.06,-0.72
"S180",0.23,-0.45,0.95,1.38,-0.21,1.11,-0.63,-0.6,0.84,-0.11,-0.48,-0.31,0.21,0.24,-0.66,-0.83,2.35,-1.71,1.72,-0.32,-0.16,-0.52,-0.46,0.33,-0.8,0.06,-0.15,0.63,-0.62,1.32,0.24,0.58,1.15,1.1,-0.43,-2.37,1.39,0.21,-0.12,1.12,-0.97,0.82,-0.87,0.68
"S181",1.07,-0.88,0.67,0.84,-0.1,-0.25,-0.34,-0.39,0.05,0.01,1.11,-0.38,-0.5,-0.02,0.65,-0.41,0.07,0.66,0.53,-0.33,-0.4,-0.43,0.31,-0.96,0.72,-0.34,0.4,-0.24,0.02,0.52,0.71,0.53,-0.49,-0.28,-0.5,-0.51,-0.36,-0.09,-0.48,-0.42,-0.42,1.09,0.16,0.51
"S182",-0.59,-0.1,0.1,0.13,1.3,0.48,0.07,0.52,0.19,0.04,0.18,-0.75,-0.66,0.81,0.87,0.12,-0.2,-0.28,1.21,-0.08,0.16,0.6,-0.43,-0.03,-1.01,-1.01,-0.38,-0.71,0.39,-0.93,-0.58,0.41,0.09,-0.21,-1.27,-0.05,-0.8,-0.14,0.29,0.01,-0.01,0.36,0.07,1.12
"S183",0.21,-0.63,-0.18,0.33,0,-0.12,0.36,-0.23,0.02,-0.55,0.07,0.2,-0.05,-0.4,0.2,-0.19,-0.27,-0.42,-0.18,-0.09,-0.52,-0.39,0.02,-0.21,-0.02,-0.24,-0.63,-0.32,-0.19,-0.9,-0.24,-0.12,-0.14,-0.33,0.06,0.37,-1.34,-0.19,-0.26,0.48,0.14,-0.02,0.3,0.58
"S184",0.37,-0.82,0.03,0.67,0.36,0.09,0.38,0.13,-0.21,0.44,-1.06,-0.07,-0.76,-0.42,-0.08,-0.6,1.51,-0.12,-0.51,-0.29,-0.44,-0.45,0.7,0.38,0.5,0.01,-0.3,-0.4,0.48,0.63,1.13,0.18,-0.26,-1.61,0.72,-1.65,-0.3,0.41,-0.8,0.15,0.23,0.06,-1.07,1.15
"S185",-0.48,0.25,-0.88,0,-0.04,-0.04,-0.32,-0.8,-0.1,-0.36,0.45,0.29,0.68,0.34,0.41,-0.11,-0.99,-0.3,-0.73,0.63,-0.06,0.22,0.21,-0.42,-1.24,0.16,0.18,-0.86,-0.08,0.09,0.77,-0.81,0.24,1.31,-0.19,1.01,0.58,-0.12,0.23,-0.28,-0.71,0.91,0.42,-0.53
"S186",-0.03,-0.6,0.42,-0.99,0.85,-0.29,-0.08,-0.39,-0.46,-0.63,-0.98,-0.36,0.52,1.06,-0.04,-0.17,-1.52,-0.49,0.15,0.05,-0.1,0.2,0.51,0.14,0.23,-0.01,0.47,0.71,-0.02,-2.13,0.35,-0.56,-0.34,0.14,-0.71,1.45,0.89,-0.76,0.44,-0.04,0.2,-0.96,-0.93,0.73
"S187",0.48,-0.26,0,-0.78,0.2,-0.38,-0.39,0.11,0.29,-0.4,0.33,-0.75,0.55,-0.18,0.02,-0.26,-0.91,0.3,-0.73,0.31,-0.19,-0.25,-1.12,-0.38,0.5,-0.76,-0.69,-0.73,-0.24,0.95,-0.32,-0.57,-0.24,0.17,0.26,1.13,-1.3,-0.04,0.45,-0.02,0.66,-0.05,0.18,0.46
"S188",-0.31,1.3,-0.58,-0.66,-0.53,-0.66,0.37,-0.04,-0.54,-0.16,-0.11,0.51,0.41,-0.55,-0.12,0.21,-1.18,0.44,-0.14,-0.44,0.77,0.11,-0.67,-0.37,-0.28,0.13,0.36,-0.04,-0.02,0.1,-0.27,-0.17,-0.38,0.19,0.06,1.11,0.24,0.08,0.01,-0.64,0.11,-0.86,0.47,-0.52
"S189",0.05,0.06,-0.43,-0.64,-0.42,-0.07,0.36,-0.07,0.11,-0.01,0.11,-0.85,0.24,0.12,-0.32,-0.65,-0.05,-0.26,0.35,0.41,1.05,-0.15,-0.23,-0.65,-0.89,0.52,0.11,0.78,-0.04,0.44,0.17,-0.14,-0.03,0.03,1.19,-0.21,-0.2,0.32,-0.05,0.24,1.57,-0.16,0.37,0.1
"S190",0.28,-1.12,-0.21,0.69,0.36,0.06,-0.38,0.26,-0.16,0.39,-0.2,0.12,0.12,0.69,0.83,-0.97,0.91,0.7,1.08,0.3,-0.58,-0.91,0.27,-0.09,0.34,-0.12,0.07,0.33,-0.74,-0.7,0.74,0.7,0.1,0.86,-0.39,-1.01,-0.59,0.04,-0.03,-0.06,0.71,0.42,0.55,0.52
"S191",-0.5,0.14,0.04,0.36,0.52,0.32,-0.17,0.64,0.03,0.35,0.43,0.51,0.16,0.3,0.09,0.31,-1.31,0.58,0.3,0.27,-0.18,0.25,0.46,0,1.27,-0.28,0.2,-1.19,0.07,0.53,-0.84,0.25,0.54,0.04,0.19,1.55,-0.46,0.3,0.33,-0.73,-0.5,-0.46,-0.06,0.09
"S192",0.18,0.41,-1.34,-0.13,0.15,-0.35,0.8,1.21,-0.22,0.42,0.74,-0.17,0.87,-1.18,-0.48,-0.19,1.07,0.34,-0.67,0.47,0.23,0.44,-0.2,-0.04,-0.77,0.22,0.01,-0.05,0.25,1.02,-0.73,-0.86,0.09,1.76,1.95,-0.75,-0.65,-0.2,-1.5,0.03,0.65,-0.77,0.17,-0.38
"S193",-0.94,-0.26,-0.88,-0.66,0.22,-0.52,0.48,-0.45,1.01,0.08,-0.33,0.33,0.2,-0.61,-0.17,-0.27,-0.53,0.7,0.08,-0.45,-0.01,0.56,-0.6,-0.96,-0.57,-0.27,0.65,-0.1,0.25,-0.88,-0.93,-0.28,1.29,0.19,0.7,-0.23,0.37,-0.63,0.74,-0.43,0.41,-0.01,1.07,-0.09
"S194",-0.15,-0.63,-0.8,-0.09,-0.26,0.13,-0.5,-0.67,0.28,0.92,0.18,-0.07,0.06,-0.01,-0.47,-0.51,1.9,1.15,-0.27,0.22,-0.67,-0.32,-0.49,-0.57,-0.31,-0.17,-0.33,0.48,0.55,0.6,0.25,-0.39,-0.41,-0.66,-0.08,-2.3,-0.66,-1.08,0.56,-1.35,0.76,1.07,0.63,0.19
"S195",-0.08,-0.2,0.16,-0.71,-0.13,-0.46,-0.48,-0.11,-0.62,0.28,-1.77,-0.63,-0.17,-0.41,-0.16,-0.28,0.62,0.29,-0.33,0.33,-0.41,-0.46,-0.17,0.55,0.45,0.54,0.28,1.38,0.27,-1.13,-0.07,-0.02,-0.54,-1.06,0.82,-0.46,-0.09,-0.25,0.62,0.92,1.06,-0.66,-0.79,0.17
"S196",0.37,0.12,-0.45,1.09,0,0.27,0.65,0.28,-0.01,0.11,0.11,-0.3,0.05,0.09,-0.1,-0.07,1,-0.48,0.37,-0.13,0.74,0.01,0.13,-0.31,-0.28,-0.66,0.23,-0.01,1.17,-0.19,0.61,-0.39,-0.35,-0.32,-0.54,-0.25,0.35,-0.48,-0.38,-0.04,-0.87,0.58,0.91,-0.51
"S197",-0.29,-0.96,0.48,0.99,-0.31,0.71,0.07,0.06,-0.06,-0.54,-0.58,0.33,0.57,0.42,-1.41,-0.56,-0.08,-0.43,1.35,-0.37,-0.63,-0.26,-0.14,-0.04,-0.21,-0.37,0.31,0.59,0.19,-0.15,0.92,1.02,0.86,0.38,-0.3,0.23,1.13,-0.03,0.42,0.54,-1.5,0.79,0.01,0.99
"S198",0.61,0.57,-0.18,0.34,0.63,0.4,0.71,0.34,0.67,0.47,0.23,0.18,-0.9,-0.16,-0.15,0.14,0.75,-0.61,0.58,0.73,0.91,0.2,0.45,0.61,0.17,-0.24,0.53,0.85,0.25,-0.01,-0.58,-0.33,0.6,-0.71,-0.45,-1.54,1.16,0.4,0,0.44,0.15,0.03,-0.12,0.52
"S199",1.06,-0.79,0.53,0.84,-0.41,-0.2,-0.39,-0.07,-0.2,0.03,-0.9,-0.85,-0.48,1.01,0.42,0.02,0.79,0.82,0.56,-0.37,-0.57,0.63,-0.27,-0.24,-0.01,-0.19,-0.23,0.56,0.19,0.76,0.33,0.52,-0.31,0.31,-1.38,-1.16,-0.71,0.53,0.19,1.02,-0.27,0.94,-0.18,0.51
"S200",-0.58,-0.22,-0.09,-0.06,-1.08,0.51,0.22,0.44,-0.11,-0.09,-1.05,-0.44,0.23,0.71,0.58,0.09,0.46,-0.35,-0.24,0.02,-0.71,-0.12,0.72,-0.28,-0.1,-0.18,-0.15,1.86,0.39,-1.89,0.8,-0.12,-0.26,-0.33,-0.56,-0.93,0.27,0.16,0.28,-0.19,-0.31,-0.4,-0.11,-0.23
